Company,Query Type,Search Query,Result Title,Result Link
MeridianLink,Earnings Call Transcripts,MeridianLink earnings call transcript,"MeridianLink, Inc. (MLNK) Stock Earnings Call Transcripts",https://seekingalpha.com/symbol/MLNK/earnings/transcripts
MeridianLink,Earnings Call Transcripts,MeridianLink earnings call transcript,Events & Presentations,https://ir.meridianlink.com/events-and-presentations/default.aspx
MeridianLink,Earnings Call Transcripts,MeridianLink earnings call transcript,"MeridianLink, Inc. (MLNK)",https://s28.q4cdn.com/477693378/files/doc_financials/2024/q3/CORRECTED-TRANSCRIPT_-MeridianLink-Inc-MLNK-US-Q3-2024-Earnings-Call-7-November-2024-5_00-PM-ET.pdf
MeridianLink,Earnings Call Transcripts,MeridianLink earnings call transcript,"MeridianLink, Inc. (MLNK) Q3 2024 Earnings Call Transcript",https://money.tmx.com/quote/MLNK:US/news/8283848710691290/MeridianLink_Inc_MLNK_Q3_2024_Earnings_Call_Transcript
MeridianLink,Earnings Call Transcripts,MeridianLink earnings call transcript,"Transcript : MeridianLink, Inc., Q3 2024 Earnings Call, Nov 07 ...",https://www.marketscreener.com/quote/stock/MERIDIANLINK-INC-125185257/news/Transcript-MeridianLink-Inc-Q3-2024-Earnings-Call-Nov-07-2024-48304189/
MeridianLink,Analyst Reports,MeridianLink analyst report,Stock Info - Analyst Coverage,https://ir.meridianlink.com/stock-info/analyst-coverage/default.aspx
MeridianLink,Analyst Reports,MeridianLink analyst report,MeridianLink Inc. Analyst Estimates & Ratings - MLNK,https://www.wsj.com/market-data/quotes/MLNK/research-ratings
MeridianLink,Analyst Reports,MeridianLink analyst report,"MeridianLink, Inc. Common Stock (MLNK) Analyst Research",https://www.nasdaq.com/market-activity/stocks/mlnk/analyst-research
MeridianLink,Analyst Reports,MeridianLink analyst report,MeridianLink Inc. Research & Ratings | MLNK,https://www.barrons.com/market-data/stocks/mlnk/research-ratings
MeridianLink,Analyst Reports,MeridianLink analyst report,MeridianLink's SWOT analysis: financial software stock ...,https://www.investing.com/news/swot-analysis/meridianlinks-swot-analysis-financial-software-stock-faces-headwinds-93CH-3841091
MeridianLink,Products & Services,MeridianLink products and services,"MeridianLink Products | Digital, Scalable Loan Origination ...",https://www.meridianlink.com/products/
MeridianLink,Products & Services,MeridianLink products and services,MeridianLink: Digital Lending for Every Financial Institution,https://www.meridianlink.com/
MeridianLink,Competitors,MeridianLink competitors,Top 10 MeridianLink Consumer Alternatives & Competitors,https://www.g2.com/products/meridianlink-consumer/competitors/alternatives
MeridianLink,Market Size,MeridianLink market size 2024,MeridianLink Reports Third Quarter 2024 Results,https://news.meridianlink.com/press-releases/press-release-details/2024/MeridianLink-Reports-Third-Quarter-2024-Results/default.aspx
MeridianLink,Market Size,MeridianLink market size 2024,MeridianLink Reports Second Quarter 2024 Results,https://ir.meridianlink.com/news/news-details/2024/MeridianLink-Reports-Second-Quarter-2024-Results/default.aspx
MeridianLink,Market Size,MeridianLink market size 2024,MeridianLink Reports Third Quarter 2024 Results,https://s28.q4cdn.com/477693378/files/doc_news/MeridianLink-Reports-Third-Quarter-2024-Results-2024.pdf
MeridianLink,Market Size,MeridianLink market size 2024,MeridianLink Market Cap 2020-2024 | MLNK,https://www.macrotrends.net/stocks/charts/MLNK/meridianlink/market-cap
MeridianLink,Market Size,MeridianLink market size 2024,MeridianLink Reports First Quarter 2024 Results,https://news.meridianlink.com/press-releases/press-release-details/2024/MeridianLink-Reports-First-Quarter-2024-Results/default.aspx
